{
    "pubextract.participants": {
        "n_detections": 58,
        "n_annotations": 100,
        "true_median": 33.0,
        "estimated_median": 28.5,
        "n_errors": 11,
        "percentile_90_abs_error": 0.4467391304347829,
        "percentile_80_abs_error": 0.0,
        "r2_score": -0.004289208990569726,
        "mean_absolute_error": 28.79310344827586,
        "median_absolute_error": 0.0,
        "mean_absolute_percentage_error": 0.10211060913624694
    },
    "scanning_horizon": {
        "n_detections": 42,
        "n_annotations": 100,
        "true_median": 33.0,
        "estimated_median": 36.0,
        "n_errors": 16,
        "percentile_90_abs_error": 0.7294827586206896,
        "percentile_80_abs_error": 0.4944444444444446,
        "r2_score": 0.669575287927494,
        "mean_absolute_error": 16.261904761904763,
        "median_absolute_error": 0.0,
        "mean_absolute_percentage_error": 0.24316029214829812
    },
    "gpt": {
        "n_detections": 100,
        "n_annotations": 100,
        "true_median": 33.0,
        "estimated_median": 33.0,
        "n_errors": 37,
        "percentile_90_abs_error": 0.46857142857142875,
        "percentile_80_abs_error": 0.1810897435897436,
        "r2_score": 0.1908893858714853,
        "mean_absolute_error": 19.57,
        "median_absolute_error": 0.0,
        "mean_absolute_percentage_error": 0.1379256376201925
    }
}