{
    "pubextract.participants": {
        "n_detections": 32,
        "n_annotations": 32,
        "true_median": 32.5,
        "estimated_median": 27.5,
        "n_errors": 10,
        "percentile_90_abs_error": 0.5,
        "percentile_80_abs_error": 0.31949509116409563,
        "r2_score": 0.7929276019264945,
        "mean_absolute_error": 4.5625,
        "median_absolute_error": 0.0,
        "mean_absolute_percentage_error": 0.14536403610747192
    },
    "scanning_horizon": {
        "n_detections": 32,
        "n_annotations": 32,
        "true_median": 32.5,
        "estimated_median": 30.0,
        "n_errors": 9,
        "percentile_90_abs_error": 0.5,
        "percentile_80_abs_error": 0.4071497584541063,
        "r2_score": 0.8257398202281917,
        "mean_absolute_error": 4.78125,
        "median_absolute_error": 0.0,
        "mean_absolute_percentage_error": 0.13667940627025424
    },
    "gpt": {
        "n_detections": 32,
        "n_annotations": 32,
        "true_median": 32.5,
        "estimated_median": 32.0,
        "n_errors": 14,
        "percentile_90_abs_error": 0.41055900621118013,
        "percentile_80_abs_error": 0.1111111111111111,
        "r2_score": -5.156489041131172,
        "mean_absolute_error": 14.65625,
        "median_absolute_error": 0.0,
        "mean_absolute_percentage_error": 0.29039395122795375
    }
}