{
    "pubextract.participants": {
        "n_detections": 56,
        "n_annotations": 103,
        "true_median": 32.0,
        "estimated_median": 24.0,
        "n_errors": 19,
        "percentile_90_abs_error": 0.5192307692307692,
        "percentile_80_abs_error": 0.42857142857142855,
        "r2_score": 0.7367999009204242,
        "mean_absolute_error": 5.482142857142857,
        "median_absolute_error": 0.0,
        "mean_absolute_percentage_error": 0.15093897197590037
    },
    "scanning_horizon": {
        "n_detections": 44,
        "n_annotations": 103,
        "true_median": 32.0,
        "estimated_median": 29.5,
        "n_errors": 16,
        "percentile_90_abs_error": 0.5,
        "percentile_80_abs_error": 0.448447204968944,
        "r2_score": 0.8119485778313942,
        "mean_absolute_error": 8.136363636363637,
        "median_absolute_error": 0.0,
        "mean_absolute_percentage_error": 0.169557595172935
    },
    "gpt": {
        "n_detections": 102,
        "n_annotations": 103,
        "true_median": 32.0,
        "estimated_median": 34.0,
        "n_errors": 49,
        "percentile_90_abs_error": 0.5937500000000006,
        "percentile_80_abs_error": 0.3006993006993011,
        "r2_score": -18.383813825508387,
        "mean_absolute_error": 41.94117647058823,
        "median_absolute_error": 0.0,
        "mean_absolute_percentage_error": 2.0320770290897716
    }
}